{
    "batchName": "",
    "batchTime": 1711779795,
    "boardConf": "IR-C21M08-00",
    "boardCustom": "",
    "boardName": "DM9098",
    "boardOptions": 1048580,
    "boardRev": "R8M2E8",
    "cameraData": [
        [
            1,
            {
                "cameraType": 0,
                "distortionCoeff": [
                    24.810535430908203,
                    -40.99806213378906,
                    0.00043206149712204933,
                    0.00032470611040480435,
                    20.66062355041504,
                    24.184654235839844,
                    -39.192203521728516,
                    19.322195053100586,
                    0.0,
                    0.0,
                    0.0,
                    0.0,
                    0.0,
                    0.0
                ],
                "extrinsics": {
                    "rotationMatrix": [
                        [
                            0.9998072981834412,
                            0.0022819633595645428,
                            -0.019497089087963104
                        ],
                        [
                            -0.002308386377990246,
                            0.9999964237213135,
                            -0.001332828775048256
                        ],
                        [
                            0.01949397847056389,
                            0.0013775787083432078,
                            0.9998090267181396
                        ]
                    ],
                    "specTranslation": {
                        "x": -7.5,
                        "y": 0.0,
                        "z": 0.0
                    },
                    "toCameraSocket": 2,
                    "translation": {
                        "x": -7.521297931671143,
                        "y": 0.006489457096904516,
                        "z": -0.14095991849899292
                    }
                },
                "height": 800,
                "intrinsicMatrix": [
                    [
                        797.6788940429688,
                        0.0,
                        625.0367431640625
                    ],
                    [
                        0.0,
                        797.4307250976563,
                        392.0454406738281
                    ],
                    [
                        0.0,
                        0.0,
                        1.0
                    ]
                ],
                "lensPosition": 0,
                "specHfovDeg": 71.86000061035156,
                "width": 1280
            }
        ],
        [
            0,
            {
                "cameraType": 0,
                "distortionCoeff": [
                    5.692096710205078,
                    -64.76494598388672,
                    0.00038909976137802005,
                    8.872342732502148e-05,
                    284.2090148925781,
                    5.490680694580078,
                    -63.389095306396484,
                    278.5196228027344,
                    0.0,
                    0.0,
                    0.0,
                    0.0,
                    0.0,
                    0.0
                ],
                "extrinsics": {
                    "rotationMatrix": [
                        [
                            0.0,
                            0.0,
                            0.0
                        ],
                        [
                            0.0,
                            0.0,
                            0.0
                        ],
                        [
                            0.0,
                            0.0,
                            0.0
                        ]
                    ],
                    "specTranslation": {
                        "x": -0.0,
                        "y": -0.0,
                        "z": -0.0
                    },
                    "toCameraSocket": -1,
                    "translation": {
                        "x": 0.0,
                        "y": 0.0,
                        "z": 0.0
                    }
                },
                "height": 2160,
                "intrinsicMatrix": [
                    [
                        3082.5126953125,
                        0.0,
                        1898.798583984375
                    ],
                    [
                        0.0,
                        3080.830078125,
                        1104.401123046875
                    ],
                    [
                        0.0,
                        0.0,
                        1.0
                    ]
                ],
                "lensPosition": 121,
                "specHfovDeg": 68.7938003540039,
                "width": 3840
            }
        ],
        [
            2,
            {
                "cameraType": 0,
                "distortionCoeff": [
                    21.869094848632813,
                    -32.67840576171875,
                    0.0004562459944281727,
                    0.00017005600966513157,
                    17.208255767822266,
                    21.363183975219727,
                    -31.117238998413086,
                    16.014741897583008,
                    0.0,
                    0.0,
                    0.0,
                    0.0,
                    0.0,
                    0.0
                ],
                "extrinsics": {
                    "rotationMatrix": [
                        [
                            0.9999100565910339,
                            -0.001495382166467607,
                            0.013330202549695969
                        ],
                        [
                            0.0014658247819170356,
                            0.9999964237213135,
                            0.0022268241737037897
                        ],
                        [
                            -0.013333485461771488,
                            -0.0022070840932428837,
                            0.9999086856842041
                        ]
                    ],
                    "specTranslation": {
                        "x": 3.75,
                        "y": 0.0,
                        "z": 0.0
                    },
                    "toCameraSocket": 0,
                    "translation": {
                        "x": 3.773252487182617,
                        "y": 0.0353940948843956,
                        "z": -0.018650172278285027
                    }
                },
                "height": 800,
                "intrinsicMatrix": [
                    [
                        781.601318359375,
                        0.0,
                        649.0865478515625
                    ],
                    [
                        0.0,
                        781.4060668945313,
                        378.6351623535156
                    ],
                    [
                        0.0,
                        0.0,
                        1.0
                    ]
                ],
                "lensPosition": 0,
                "specHfovDeg": 71.86000061035156,
                "width": 1280
            }
        ]
    ],
    "deviceName": "",
    "hardwareConf": "F0-FV00-BC000",
    "housingExtrinsics": {
        "rotationMatrix": [],
        "specTranslation": {
            "x": 0.0,
            "y": 0.0,
            "z": 0.0
        },
        "toCameraSocket": -1,
        "translation": {
            "x": 0.0,
            "y": 0.0,
            "z": 0.0
        }
    },
    "imuExtrinsics": {
        "rotationMatrix": [
            [
                0.0,
                0.0,
                0.0
            ],
            [
                0.0,
                0.0,
                0.0
            ],
            [
                0.0,
                0.0,
                0.0
            ]
        ],
        "specTranslation": {
            "x": 0.0,